dendroFD;TOP;TED;MVNHdet;TPD_FRich;TPD_FEve;TPD_FDiv
25.73963548;206.4584329;0.860828846;0.531155193;1221.696804;0.494716025;0.399323938
32.52167755;113.4774156;0.906851966;0.931154189;1221.696804;0.494716025;0.399323938
35.47751746;114.2680365;0.82180702;0.915406385;1221.696804;0.494716025;0.399323938
34.98413138;104.2454277;0.869054964;0.916036846;1221.696804;0.494716025;0.399323938
37.22714261;96.65234458;0.924399155;0.911838482;1221.696804;0.494716025;0.399323938
36.17551415;114.7236963;0.886392262;0.935968561;1221.696804;0.494716025;0.399323938
35.79510861;111.4504599;0.880931337;0.999907606;1221.696804;0.494716025;0.399323938
34.57258575;105.7567261;0.950870064;0.974893173;1221.696804;0.494716025;0.399323938
32.00208261;124.5757541;0.96711412;0.939288603;1221.696804;0.494716025;0.399323938
23.43115922;218.2861074;0.964947996;0.229372839;1221.696804;0.494716025;0.399323938
21.26563366;313.8060942;0.933509082;0.20750164;1210.255721;0.480743534;0.373367619
36.24350643;111.4437547;0.843276648;0.890894289;1210.255721;0.480743534;0.373367619
33.83791883;86.90967942;0.954087323;0.748794644;1210.255721;0.480743534;0.373367619
36.80762287;124.5230577;0.938976181;0.872223871;1210.255721;0.480743534;0.373367619
37.70154522;93.83412954;0.901898135;0.994042228;1210.255721;0.480743534;0.373367619
34.77327887;94.39607345;0.957189174;0.879434185;1210.255721;0.480743534;0.373367619
37.38713961;96.83272787;0.889491806;0.884204661;1210.255721;0.480743534;0.373367619
34.10732373;118.6262047;0.955463184;0.969937778;1210.255721;0.480743534;0.373367619
28.32105431;112.3374402;0.964731643;0.626524642;1210.255721;0.480743534;0.373367619
21.68151186;210.8919355;0.958018303;0.298381236;1210.255721;0.480743534;0.373367619
26.21519781;198.2989949;0.924595601;0.525191449;1671.977924;0.454114753;0.454997151
32.7059067;112.1965888;0.903583184;0.787241834;1671.977924;0.454114753;0.454997151
35.21526068;125.5822616;0.949840053;0.938931201;1671.977924;0.454114753;0.454997151
30.32825301;114.8561731;0.972479825;0.853735762;1671.977924;0.454114753;0.454997151
38.18241569;105.2274548;0.816209834;0.995619016;1671.977924;0.454114753;0.454997151
34.19350309;94.77393909;0.965888707;0.90749874;1671.977924;0.454114753;0.454997151
33.76914078;102.766972;0.905340844;0.918114124;1671.977924;0.454114753;0.454997151
38.01678112;124.5977825;0.880879364;0.999841461;1671.977924;0.454114753;0.454997151
29.68452995;144.1980997;0.937033347;0.6495882;1671.977924;0.454114753;0.454997151
21.08951231;309.0132384;0.981826787;0.363929908;1671.977924;0.454114753;0.454997151
23.96241179;253.2568392;0.84443525;0.483257394;1410.475725;0.458840616;0.400608076
35.86205742;85.6059682;0.882985007;0.981393063;1410.475725;0.458840616;0.400608076
36.80403556;99.82387023;0.868973298;0.997253693;1410.475725;0.458840616;0.400608076
34.98432321;132.7775302;0.855298536;0.941746788;1410.475725;0.458840616;0.400608076
34.02642856;95.55808306;0.910255558;0.645640309;1410.475725;0.458840616;0.400608076
38.0081572;124.9383943;0.878618522;0.924853795;1410.475725;0.458840616;0.400608076
31.97670318;89.84704495;0.918475624;0.860343647;1410.475725;0.458840616;0.400608076
32.82660895;122.5028452;0.961578943;0.792485141;1410.475725;0.458840616;0.400608076
32.16890999;113.0433975;0.917479707;0.813482252;1410.475725;0.458840616;0.400608076
24.79301796;273.9735732;0.959503574;0.399572504;1410.475725;0.458840616;0.400608076
24.09047253;234.8446212;0.940227572;0.279062964;1584.135296;0.485358971;0.393175542
31.70351838;129.7803987;0.934929314;0.857684968;1584.135296;0.485358971;0.393175542
32.61983403;128.2097896;0.835994859;0.724151563;1584.135296;0.485358971;0.393175542
34.07637563;110.2716228;0.937401627;0.922321205;1584.135296;0.485358971;0.393175542
39.54420804;128.0856555;0.825743205;0.989184041;1584.135296;0.485358971;0.393175542
34.07038506;106.8419811;0.939693206;0.953736012;1584.135296;0.485358971;0.393175542
35.01061086;131.9435852;0.892525818;0.933947461;1584.135296;0.485358971;0.393175542
36.23785623;96.3018589;0.944100846;0.961246118;1584.135296;0.485358971;0.393175542
28.72989889;138.6387579;0.965380301;0.581777964;1584.135296;0.485358971;0.393175542
24.26209992;254.9026938;0.944370822;0.272558917;1584.135296;0.485358971;0.393175542
25.5894645;253.8555937;0.974276703;0.471950043;2068.864456;0.485956793;0.410199882
32.79396586;151.2317992;0.906950585;0.873690437;2068.864456;0.485956793;0.410199882
36.0935717;120.9587252;0.879958833;0.766910631;2068.864456;0.485956793;0.410199882
37.05059063;140.709735;0.784564737;0.885128255;2068.864456;0.485956793;0.410199882
37.46706288;106.7411524;0.899787371;0.999999862;2068.864456;0.485956793;0.410199882
35.23198691;115.1415732;0.899083485;0.950256188;2068.864456;0.485956793;0.410199882
32.23877368;136.4975694;0.941072886;0.999991263;2068.864456;0.485956793;0.410199882
34.5021786;107.1978247;0.958735872;0.960982376;2068.864456;0.485956793;0.410199882
32.06057681;177.4471303;0.955029894;0.759678303;2068.864456;0.485956793;0.410199882
22.76035918;332.4801238;0.958239768;0.34551495;2068.864456;0.485956793;0.410199882
22.83795848;257.0692069;0.948840552;0.419442533;2087.537278;0.497942262;0.426554294
32.80472656;109.1200182;0.937408527;0.925391028;2087.537278;0.497942262;0.426554294
35.16114631;139.0815279;0.897566592;0.904863742;2087.537278;0.497942262;0.426554294
36.81489936;136.385442;0.813106454;0.849488738;2087.537278;0.497942262;0.426554294
32.14207301;119.0994135;0.980600747;0.948457051;2087.537278;0.497942262;0.426554294
37.05589974;108.4433211;0.848430336;0.999878264;2087.537278;0.497942262;0.426554294
33.84664994;131.5441862;0.87186871;0.856737948;2087.537278;0.497942262;0.426554294
34.51924191;145.9837425;0.883967545;0.835274742;2087.537278;0.497942262;0.426554294
35.89716019;143.4977624;0.77645922;0.926263656;2087.537278;0.497942262;0.426554294
23.29612685;280.3965978;0.97392827;0.404422797;2087.537278;0.497942262;0.426554294
26.0127922;359.4680389;0.909302461;0.314286658;2157.062212;0.526439171;0.440695412
30.41614173;157.419029;0.942604504;0.744665124;2157.062212;0.526439171;0.440695412
29.07910982;156.4833209;0.921733172;0.86771011;2157.062212;0.526439171;0.440695412
38.65553095;112.6396279;0.872676029;0.968423445;2157.062212;0.526439171;0.440695412
36.1962046;116.5930139;0.88480127;0.993884375;2157.062212;0.526439171;0.440695412
36.13307639;130.2722372;0.968175941;0.963125282;2157.062212;0.526439171;0.440695412
34.10331139;152.2522311;0.916587686;0.909435631;2157.062212;0.526439171;0.440695412
33.14498365;123.5617667;0.982258489;0.843379046;2157.062212;0.526439171;0.440695412
36.66003299;135.1755495;0.89974498;0.935335406;2157.062212;0.526439171;0.440695412
30.53042331;221.5402208;0.94662837;0.764343447;2157.062212;0.526439171;0.440695412
20.38075656;392.8503604;0.911462304;0.189461594;2307.421281;0.509991914;0.418423339
33.72249555;166.7351195;0.890911269;0.627702261;2307.421281;0.509991914;0.418423339
33.03558546;126.8297501;0.959150499;0.987568288;2307.421281;0.509991914;0.418423339
31.78660949;136.9838888;0.955444534;0.833161089;2307.421281;0.509991914;0.418423339
35.04445646;121.2771635;0.902604611;0.959456133;2307.421281;0.509991914;0.418423339
35.3992698;147.8794833;0.897064348;0.85266692;2307.421281;0.509991914;0.418423339
29.89482998;115.6561384;0.9738928;0.824479716;2307.421281;0.509991914;0.418423339
35.46253614;135.6946699;0.822955082;0.990562666;2307.421281;0.509991914;0.418423339
30.54821542;161.2218044;0.965621575;0.769264231;2307.421281;0.509991914;0.418423339
28.43877781;215.1169546;0.928904155;0.442505646;2307.421281;0.509991914;0.418423339
20.25353428;303.2884516;0.867821393;0.261640028;3332.749728;0.47512323;0.396861539
34.94469118;175.8339559;0.925774622;0.786254321;3332.749728;0.47512323;0.396861539
34.41514014;145.7614387;0.954969972;0.927753364;3332.749728;0.47512323;0.396861539
38.12471062;172.547974;0.861890522;0.990898254;3332.749728;0.47512323;0.396861539
33.99929363;151.3313258;0.907324892;0.862703189;3332.749728;0.47512323;0.396861539
31.87265065;165.5828529;0.934348166;0.721131696;3332.749728;0.47512323;0.396861539
33.24481171;157.6492319;0.867093419;0.955723458;3332.749728;0.47512323;0.396861539
35.39538792;149.7716394;0.906354344;0.786805097;3332.749728;0.47512323;0.396861539
35.96826978;228.311555;0.953793179;0.997116774;3332.749728;0.47512323;0.396861539
21.15200084;454.559552;0.950177208;0.229950295;3332.749728;0.47512323;0.396861539
25.56320963;214.1780805;0.968727196;0.407685494;1088.250087;0.495838219;0.394467237
35.78296829;103.4553351;0.904302833;0.920777291;1088.250087;0.495838219;0.394467237
33.82038531;99.38577343;0.913404573;0.888852511;1088.250087;0.495838219;0.394467237
38.21641935;90.92843339;0.901035914;0.967756648;1088.250087;0.495838219;0.394467237
33.43627586;86.21159803;0.961207386;0.955649524;1088.250087;0.495838219;0.394467237
35.32646477;91.18362748;0.912862024;0.915960172;1088.250087;0.495838219;0.394467237
33.30876816;99.20091302;0.877562033;0.710807839;1088.250087;0.495838219;0.394467237
34.08455924;88.65173496;0.963545897;0.926352194;1088.250087;0.495838219;0.394467237
29.63415126;124.4662795;0.946856041;0.559767981;1088.250087;0.495838219;0.394467237
21.76929035;168.1468933;0.988289669;0.72489295;1088.250087;0.495838219;0.394467237
22.18184296;333.0851384;0.959275304;0.206827639;1489.811237;0.468428626;0.368374173
32.79100716;137.9123583;0.8809355;0.715872096;1489.811237;0.468428626;0.368374173
37.47208774;118.1488883;0.908604049;0.978855921;1489.811237;0.468428626;0.368374173
32.67972002;115.3380854;0.879117994;0.929970841;1489.811237;0.468428626;0.368374173
34.13598026;105.109394;0.957029936;0.982600378;1489.811237;0.468428626;0.368374173
32.54229336;99.73929525;0.898943075;0.82163745;1489.811237;0.468428626;0.368374173
27.9555066;104.3334207;0.962921246;0.556325615;1489.811237;0.468428626;0.368374173
34.37400667;94.41841427;0.918808255;0.939677299;1489.811237;0.468428626;0.368374173
28.90207721;128.6684563;0.946717426;0.835096579;1489.811237;0.468428626;0.368374173
23.48917908;273.3292328;0.912887921;0.302488768;1489.811237;0.468428626;0.368374173
27.50148188;227.2500976;0.904968719;0.325496311;1462.964663;0.514045356;0.431579538
31.81442541;164.6685851;0.942163513;0.675862707;1462.964663;0.514045356;0.431579538
30.02267418;120.2499424;0.962248219;0.775401121;1462.964663;0.514045356;0.431579538
35.42379728;92.48968172;0.883172125;0.90868796;1462.964663;0.514045356;0.431579538
39.13039593;110.3554796;0.812346594;0.986183133;1462.964663;0.514045356;0.431579538
38.00547853;123.3305994;0.951414583;0.994185539;1462.964663;0.514045356;0.431579538
32.6646358;137.8883364;0.922531361;0.933321695;1462.964663;0.514045356;0.431579538
34.8845436;94.55542619;0.921174132;0.974037722;1462.964663;0.514045356;0.431579538
29.16797986;159.7395207;0.950023992;0.731158947;1462.964663;0.514045356;0.431579538
23.58020478;330.4046778;0.978461401;0.254104362;1462.964663;0.514045356;0.431579538
24.18853398;347.8171193;0.947805502;0.32694565;1755.412679;0.484403312;0.366505823
33.6790684;125.4085184;0.866415656;0.905923659;1755.412679;0.484403312;0.366505823
30.49241035;133.3124851;0.914139723;0.78194516;1755.412679;0.484403312;0.366505823
37.27691829;121.5891339;0.825593192;0.961775723;1755.412679;0.484403312;0.366505823
38.0534767;124.4651151;0.849845772;0.958144397;1755.412679;0.484403312;0.366505823
32.50725775;147.1161084;0.887596777;0.671136794;1755.412679;0.484403312;0.366505823
37.1035101;102.1998105;0.847315191;0.999992922;1755.412679;0.484403312;0.366505823
32.28229502;128.3236579;0.92984551;0.933892564;1755.412679;0.484403312;0.366505823
31.36565591;148.7987767;0.90145595;0.610189868;1755.412679;0.484403312;0.366505823
20.59237839;260.1030667;0.928363532;0.392430833;1755.412679;0.484403312;0.366505823
27.7134904;218.1606923;0.84782113;0.612176737;1599.474163;0.476037644;0.438266463
32.88295665;119.8509072;0.888638532;0.721931819;1599.474163;0.476037644;0.438266463
37.28598651;119.9783255;0.855859206;0.912719934;1599.474163;0.476037644;0.438266463
35.98944464;102.1420382;0.764146414;0.979991284;1599.474163;0.476037644;0.438266463
33.13014488;90.14341306;0.915852608;0.993710226;1599.474163;0.476037644;0.438266463
38.34560521;112.3348198;0.90255911;0.989265963;1599.474163;0.476037644;0.438266463
36.60953149;104.4075651;0.875688926;0.922252076;1599.474163;0.476037644;0.438266463
34.93200981;107.7472946;0.950640457;0.886227173;1599.474163;0.476037644;0.438266463
32.1977953;168.236639;0.917272257;0.641089305;1599.474163;0.476037644;0.438266463
21.62597583;305.0189808;0.96398343;0.254335876;1599.474163;0.476037644;0.438266463
28.70369361;227.3411664;0.928968671;0.424268662;1739.085212;0.506821605;0.431893129
32.23698582;135.9487468;0.915986277;0.836864332;1739.085212;0.506821605;0.431893129
37.42613422;125.9828272;0.936802411;0.924073083;1739.085212;0.506821605;0.431893129
36.89597752;156.7242468;0.86999645;0.77723221;1739.085212;0.506821605;0.431893129
36.5874455;106.4186249;0.954958609;0.954474466;1739.085212;0.506821605;0.431893129
32.2928993;135.4923454;0.945399094;0.855208535;1739.085212;0.506821605;0.431893129
33.59150601;143.2471989;0.856406931;0.879179433;1739.085212;0.506821605;0.431893129
35.16348754;121.5926747;0.933016353;0.914383561;1739.085212;0.506821605;0.431893129
27.89597347;220.1007577;0.89393886;0.631345615;1739.085212;0.506821605;0.431893129
27.51624025;277.609487;0.970482239;0.532190416;1739.085212;0.506821605;0.431893129
21.78579279;315.1683849;0.967596041;0.266876677;2031.610928;0.517958124;0.436719759
31.04910267;127.1050569;0.958826544;0.868467829;2031.610928;0.517958124;0.436719759
34.0044686;131.1752819;0.943593833;0.859923539;2031.610928;0.517958124;0.436719759
32.7695074;133.2510255;0.891318491;0.827056539;2031.610928;0.517958124;0.436719759
33.57659706;134.5629117;0.932971113;0.921942313;2031.610928;0.517958124;0.436719759
35.7568084;123.9752059;0.926055054;0.936189478;2031.610928;0.517958124;0.436719759
36.7915109;125.3117456;0.866441573;0.889621152;2031.610928;0.517958124;0.436719759
30.62079376;130.7885951;0.960587358;0.621748465;2031.610928;0.517958124;0.436719759
27.0443277;218.9243416;0.944672109;0.524811197;2031.610928;0.517958124;0.436719759
27.53525194;238.5524354;0.943657394;0.421084113;2031.610928;0.517958124;0.436719759
24.02998809;301.1889163;0.859659898;0.214902701;2397.945731;0.515536756;0.436253882
32.38892515;175.8843396;0.902065605;0.831453231;2397.945731;0.515536756;0.436253882
34.91792244;184.6630297;0.879116287;0.859853709;2397.945731;0.515536756;0.436253882
34.37054529;137.8288343;0.859453174;0.977948329;2397.945731;0.515536756;0.436253882
38.19404289;159.5703396;0.836832054;0.895262337;2397.945731;0.515536756;0.436253882
37.32582051;149.0443278;0.871570583;0.894420437;2397.945731;0.515536756;0.436253882
35.32536249;159.3319484;0.962899415;0.991583525;2397.945731;0.515536756;0.436253882
37.57623587;143.818678;0.781672345;0.998151043;2397.945731;0.515536756;0.436253882
36.43509342;157.8816874;0.900272314;0.934485529;2397.945731;0.515536756;0.436253882
25.45189179;341.430185;0.952783225;0.263163715;2397.945731;0.515536756;0.436253882
30.39893206;248.0621179;0.930417128;0.692327369;2962.239469;0.488125096;0.429484233
30.40215817;186.9963302;0.955116029;0.702615995;2962.239469;0.488125096;0.429484233
35.85246014;173.5414527;0.847347995;0.835019439;2962.239469;0.488125096;0.429484233
34.22378144;151.7843427;0.849949919;0.814443439;2962.239469;0.488125096;0.429484233
34.67754931;152.1167024;0.944160303;0.902833627;2962.239469;0.488125096;0.429484233
36.15276318;134.1158292;0.909613662;0.896095275;2962.239469;0.488125096;0.429484233
34.36897152;186.0475631;0.878158562;0.943719846;2962.239469;0.488125096;0.429484233
33.68708662;147.3983219;0.888665668;0.915658412;2962.239469;0.488125096;0.429484233
34.95947564;150.3759642;0.894612576;0.838634;2962.239469;0.488125096;0.429484233
25.27888999;408.4230225;0.954871072;0.37425057;2962.239469;0.488125096;0.429484233
23.91829413;344.6425555;0.784158812;0.660144494;3472.015691;0.464110032;0.386820896
30.85502594;197.9103262;0.984833004;0.646615759;3472.015691;0.464110032;0.386820896
36.1864251;168.9353508;0.772966045;0.772487615;3472.015691;0.464110032;0.386820896
30.67159977;128.3238338;0.902520628;0.947782438;3472.015691;0.464110032;0.386820896
32.09374454;142.0343054;0.959542287;0.7405461;3472.015691;0.464110032;0.386820896
36.57729521;168.3581726;0.945052229;0.916600998;3472.015691;0.464110032;0.386820896
36.67083115;153.8246568;0.957320303;0.990417449;3472.015691;0.464110032;0.386820896
31.22806228;142.5288222;0.980498596;0.854639175;3472.015691;0.464110032;0.386820896
33.66543795;179.5611685;0.95163867;0.883855745;3472.015691;0.464110032;0.386820896
22.42356439;508.2666935;0.957778223;0.239155241;3472.015691;0.464110032;0.386820896
26.46307654;219.3229545;0.95101798;0.454445857;1739.785731;0.453643945;0.385470711
29.66261166;111.1404742;0.983465887;0.843621774;1739.785731;0.453643945;0.385470711
32.28716933;128.5809278;0.946694666;0.888597662;1739.785731;0.453643945;0.385470711
31.94049532;98.26364483;0.84747622;0.803678027;1739.785731;0.453643945;0.385470711
31.29107747;87.26071419;0.96218158;0.996715467;1739.785731;0.453643945;0.385470711
33.88484503;106.6493951;0.924366197;0.88485327;1739.785731;0.453643945;0.385470711
30.59276821;129.9619099;0.956335975;0.738649407;1739.785731;0.453643945;0.385470711
32.26325646;116.0298988;0.967416062;0.830270289;1739.785731;0.453643945;0.385470711
33.21846161;117.5780082;0.941050758;0.83843005;1739.785731;0.453643945;0.385470711
18.52629426;408.7578576;0.815230862;0.341099787;1739.785731;0.453643945;0.385470711
25.26739651;207.549696;0.957664665;0.301464797;1561.953477;0.474327916;0.398344527
30.1110078;148.9544622;0.928715378;0.760226704;1561.953477;0.474327916;0.398344527
37.21582348;117.3993396;0.919496729;0.99643523;1561.953477;0.474327916;0.398344527
37.53348139;104.9515408;0.900404126;0.868398155;1561.953477;0.474327916;0.398344527
34.2061726;103.8006834;0.86416078;0.982871638;1561.953477;0.474327916;0.398344527
33.2978449;116.1779295;0.822705737;0.932568332;1561.953477;0.474327916;0.398344527
30.14198143;124.8596755;0.927902142;0.67593217;1561.953477;0.474327916;0.398344527
30.60994046;119.4057024;0.938995045;0.784861506;1561.953477;0.474327916;0.398344527
30.51532605;173.6170474;0.950256277;0.630004865;1561.953477;0.474327916;0.398344527
22.28061965;337.9690132;0.889674889;0.248033539;1561.953477;0.474327916;0.398344527
23.0602029;350.4176922;0.959664677;0.425685559;2018.143796;0.490974913;0.358492152
28.15576479;191.6994502;0.940201949;0.611072239;2018.143796;0.490974913;0.358492152
32.27899432;100.1857161;0.928450285;0.942533643;2018.143796;0.490974913;0.358492152
34.34210154;109.8546376;0.827431645;0.961780861;2018.143796;0.490974913;0.358492152
34.44315754;91.79907728;0.915940462;0.891622631;2018.143796;0.490974913;0.358492152
34.38693347;114.2707944;0.902146625;0.975751269;2018.143796;0.490974913;0.358492152
27.91316806;77.87707867;0.966728939;0.687523239;2018.143796;0.490974913;0.358492152
34.28835248;107.4374497;0.949182517;0.864733299;2018.143796;0.490974913;0.358492152
28.19080313;89.13168937;0.9409794;0.648545166;2018.143796;0.490974913;0.358492152
21.43119958;415.2723717;0.978342076;0.204783392;2018.143796;0.490974913;0.358492152
21.39312077;304.1056869;0.958061459;0.264788248;2279.154784;0.444476414;0.414670784
36.16449011;158.9815281;0.910220844;0.913044359;2279.154784;0.444476414;0.414670784
31.20074486;140.2135054;0.86178445;0.862511223;2279.154784;0.444476414;0.414670784
33.71486744;113.1599306;0.959945923;0.792197656;2279.154784;0.444476414;0.414670784
36.94831444;163.0920414;0.793313317;0.975854426;2279.154784;0.444476414;0.414670784
34.87617895;125.5219865;0.904224075;0.941829737;2279.154784;0.444476414;0.414670784
36.47797483;125.8867993;0.889645091;0.996444319;2279.154784;0.444476414;0.414670784
32.81436015;143.0060912;0.904785412;0.923810925;2279.154784;0.444476414;0.414670784
35.28090908;146.2443537;0.843180462;0.894352156;2279.154784;0.444476414;0.414670784
23.50254926;449.7308815;0.923378343;0.296392502;2279.154784;0.444476414;0.414670784
27.53021898;196.2425163;0.952432712;0.427288891;2143.600013;0.461310323;0.41914034
37.30054799;149.7792165;0.908711829;0.881493318;2143.600013;0.461310323;0.41914034
34.62190841;139.7048515;0.853821918;0.823795199;2143.600013;0.461310323;0.41914034
38.59029761;130.1132786;0.901388835;0.982271606;2143.600013;0.461310323;0.41914034
35.41482232;94.73269701;0.945207499;0.935499457;2143.600013;0.461310323;0.41914034
35.95510763;98.83957845;0.884362069;0.880977561;2143.600013;0.461310323;0.41914034
35.53494806;98.23530131;0.904903383;0.953273635;2143.600013;0.461310323;0.41914034
33.47460756;147.0076245;0.910735731;0.682430337;2143.600013;0.461310323;0.41914034
34.61786598;178.1233234;0.949104479;0.946363919;2143.600013;0.461310323;0.41914034
24.9821534;269.7118634;0.972401134;0.56923933;2143.600013;0.461310323;0.41914034
24.80863821;224.0613343;0.936049076;0.46744781;2316.394709;0.48214595;0.409580432
36.92316658;147.4228073;0.942447306;0.943509627;2316.394709;0.48214595;0.409580432
38.13904391;140.2942999;0.898117364;0.920151232;2316.394709;0.48214595;0.409580432
36.28514623;140.0683769;0.925615962;0.882047612;2316.394709;0.48214595;0.409580432
36.94181127;141.9243405;0.865695099;0.955189746;2316.394709;0.48214595;0.409580432
31.69130883;132.8567868;0.946624235;0.898133757;2316.394709;0.48214595;0.409580432
37.78547963;114.7997151;0.924984676;0.874178913;2316.394709;0.48214595;0.409580432
33.57215845;112.098222;0.868986547;0.790102451;2316.394709;0.48214595;0.409580432
30.49746548;164.0822851;0.894542664;0.604893267;2316.394709;0.48214595;0.409580432
22.29963513;315.5784839;0.975003638;0.275600743;2316.394709;0.48214595;0.409580432
23.35113259;385.6681974;0.882534434;0.383538488;2634.809089;0.504354129;0.393078562
31.29981927;188.640078;0.943540252;0.704568677;2634.809089;0.504354129;0.393078562
32.66440029;116.872929;0.909018983;0.978650825;2634.809089;0.504354129;0.393078562
33.58029076;151.8207712;0.907925292;0.862465647;2634.809089;0.504354129;0.393078562
31.25542963;150.2022779;0.950877491;0.94549688;2634.809089;0.504354129;0.393078562
35.79081378;135.528168;0.898699229;0.993181022;2634.809089;0.504354129;0.393078562
28.00259588;109.1927063;0.976626873;0.914557293;2634.809089;0.504354129;0.393078562
35.95872291;134.5842403;0.962361832;0.971120391;2634.809089;0.504354129;0.393078562
29.4340094;182.5376971;0.958236952;0.866138501;2634.809089;0.504354129;0.393078562
20.3707444;317.2607535;0.966268107;0.142945665;2634.809089;0.504354129;0.393078562
22.94346994;353.3877011;0.985584355;0.406042263;3140.163914;0.440459603;0.418974057
33.37438355;154.6268271;0.959962027;0.838247035;3140.163914;0.440459603;0.418974057
37.31281379;127.9411861;0.919272331;0.878134592;3140.163914;0.440459603;0.418974057
36.67494218;136.4002591;0.881283284;0.941219577;3140.163914;0.440459603;0.418974057
37.19518933;121.775095;0.896091438;0.979460986;3140.163914;0.440459603;0.418974057
33.9994645;144.2800206;0.922895366;0.934574007;3140.163914;0.440459603;0.418974057
38.76759667;129.0561379;0.877749542;0.912085669;3140.163914;0.440459603;0.418974057
30.42852748;136.012302;0.963606392;0.848225216;3140.163914;0.440459603;0.418974057
31.38919541;202.7149933;0.92712983;0.621632773;3140.163914;0.440459603;0.418974057
18.74742893;560.79201;0.875574844;0.312889308;3140.163914;0.440459603;0.418974057
26.31244872;417.0425905;0.865247511;0.449352721;2789.738571;0.484408627;0.377207263
34.97721392;165.7339107;0.915989818;0.785641377;2789.738571;0.484408627;0.377207263
32.52253979;143.4429179;0.968663444;0.757861688;2789.738571;0.484408627;0.377207263
32.0271895;115.2891469;0.944525659;0.78971222;2789.738571;0.484408627;0.377207263
36.59640323;149.220165;0.953854275;0.911525466;2789.738571;0.484408627;0.377207263
37.06817015;130.6347206;0.895096407;0.995171167;2789.738571;0.484408627;0.377207263
34.63613028;139.9788759;0.963115943;0.995708561;2789.738571;0.484408627;0.377207263
37.12745846;115.3206664;0.925048793;0.97439317;2789.738571;0.484408627;0.377207263
35.86172671;146.2506479;0.971044903;0.966344581;2789.738571;0.484408627;0.377207263
18.05435804;379.5714842;0.961608712;0.190861683;2789.738571;0.484408627;0.377207263
22.45512363;362.1405334;0.968459217;0.357544361;3614.144504;0.512695691;0.399779882
31.00563111;200.6675883;0.928462512;0.737825858;3614.144504;0.512695691;0.399779882
35.37798835;151.774637;0.917429146;0.999339514;3614.144504;0.512695691;0.399779882
32.33367011;155.4871649;0.9606204;0.978857665;3614.144504;0.512695691;0.399779882
36.59365621;150.8491118;0.927663872;0.980390131;3614.144504;0.512695691;0.399779882
32.89939819;165.0535111;0.887466158;0.816978286;3614.144504;0.512695691;0.399779882
36.87628397;153.1535078;0.923473312;0.984349634;3614.144504;0.512695691;0.399779882
28.00505611;173.4857572;0.967322921;0.828902195;3614.144504;0.512695691;0.399779882
28.13846328;171.2133064;0.980229652;0.683613056;3614.144504;0.512695691;0.399779882
19.9080367;423.0127102;0.97995584;0.17353505;3614.144504;0.512695691;0.399779882
22.56994951;267.7790917;0.932688814;0.316702224;1374.42613;0.482630515;0.384827916
29.73575217;118.2063865;0.942293816;0.623543042;1374.42613;0.482630515;0.384827916
36.66609909;108.2888945;0.857742693;0.894170603;1374.42613;0.482630515;0.384827916
37.90878792;102.3650291;0.841329516;0.827508878;1374.42613;0.482630515;0.384827916
35.70426878;108.5924982;0.926910171;0.955783186;1374.42613;0.482630515;0.384827916
35.25620348;94.19899539;0.865701325;0.990453834;1374.42613;0.482630515;0.384827916
31.64587743;76.7593801;0.939522041;0.853426928;1374.42613;0.482630515;0.384827916
32.20140814;122.8644647;0.942725564;0.797682333;1374.42613;0.482630515;0.384827916
33.80132324;133.4850905;0.870626109;0.964245294;1374.42613;0.482630515;0.384827916
23.71486291;223.3241896;0.955824964;0.342527486;1374.42613;0.482630515;0.384827916
22.84493317;342.6163361;0.984963413;0.277577512;1501.286043;0.458207135;0.372444287
32.2783351;101.8830577;0.934131287;0.840765126;1501.286043;0.458207135;0.372444287
33.65273324;109.8431499;0.918844586;0.764062406;1501.286043;0.458207135;0.372444287
35.4442526;110.6241237;0.90253698;0.999761344;1501.286043;0.458207135;0.372444287
38.81861155;98.85181368;0.901880408;0.824215081;1501.286043;0.458207135;0.372444287
36.30471099;97.07011078;0.864220048;0.955355968;1501.286043;0.458207135;0.372444287
33.60236391;84.36414992;0.900240327;0.912395534;1501.286043;0.458207135;0.372444287
33.30021961;108.5805276;0.970964115;0.841559498;1501.286043;0.458207135;0.372444287
29.22972016;160.4172373;0.96853756;0.831799254;1501.286043;0.458207135;0.372444287
22.94081144;272.5586686;0.944055638;0.451802939;1501.286043;0.458207135;0.372444287
18.99277862;275.4549206;0.952262921;0.253544728;1519.560638;0.530604384;0.419509972
36.19396156;117.6628277;0.962257261;0.972755243;1519.560638;0.530604384;0.419509972
32.60409168;109.2784146;0.945874238;0.965648444;1519.560638;0.530604384;0.419509972
31.5696827;107.5640778;0.971962526;0.860067539;1519.560638;0.530604384;0.419509972
33.50282662;90.38086169;0.959926986;0.999752098;1519.560638;0.530604384;0.419509972
31.8162019;107.4027182;0.981043548;0.954312201;1519.560638;0.530604384;0.419509972
36.55057453;151.4257614;0.879090152;0.960234406;1519.560638;0.530604384;0.419509972
34.8451926;119.8569493;0.930250545;0.855154726;1519.560638;0.530604384;0.419509972
34.24185053;122.2205227;0.885994127;0.818916588;1519.560638;0.530604384;0.419509972
28.9096709;192.4346313;0.940153488;0.596062264;1519.560638;0.530604384;0.419509972
24.35495044;228.1153367;0.967073518;0.371057042;2138.25061;0.477493938;0.389769286
36.24262167;135.2655213;0.92741693;0.947587199;2138.25061;0.477493938;0.389769286
38.17796731;94.01979136;0.914286516;0.935682514;2138.25061;0.477493938;0.389769286
32.14198556;82.76857417;0.928446547;0.840385381;2138.25061;0.477493938;0.389769286
34.2673385;112.9754261;0.909802668;0.999547675;2138.25061;0.477493938;0.389769286
29.7609446;113.8996527;0.953385339;0.955602674;2138.25061;0.477493938;0.389769286
33.91065056;126.7203072;0.894512882;0.906207317;2138.25061;0.477493938;0.389769286
34.59315191;141.7221391;0.913997675;0.978793532;2138.25061;0.477493938;0.389769286
36.54958756;137.7059934;0.922195982;0.929629633;2138.25061;0.477493938;0.389769286
18.58781589;375.4275289;0.977325269;0.157397586;2138.25061;0.477493938;0.389769286
22.91076904;208.815543;0.969591952;0.335825289;1702.626729;0.524791589;0.424185057
31.45997045;205.9660581;0.882075079;0.524120073;1702.626729;0.524791589;0.424185057
30.90987711;100.3870083;0.935836264;0.683001225;1702.626729;0.524791589;0.424185057
33.83902616;115.3171322;0.93805116;0.9575318;1702.626729;0.524791589;0.424185057
33.04499877;130.2483599;0.877926093;0.831957169;1702.626729;0.524791589;0.424185057
32.20123168;144.0587667;0.924705941;0.717112978;1702.626729;0.524791589;0.424185057
32.58938087;106.6073034;0.954452832;0.88707724;1702.626729;0.524791589;0.424185057
32.67657581;118.0542347;0.916011155;0.832036463;1702.626729;0.524791589;0.424185057
29.56882956;155.5498337;0.929195609;0.592694019;1702.626729;0.524791589;0.424185057
22.07634405;311.624441;0.979510238;0.251621984;1702.626729;0.524791589;0.424185057
23.85795289;228.4902068;0.98022956;0.364791591;3049.635613;0.456394321;0.432266632
34.97735339;144.8704354;0.843527073;0.994329014;3049.635613;0.456394321;0.432266632
33.39440569;121.0793621;0.963751543;0.952575874;3049.635613;0.456394321;0.432266632
32.24025708;143.6654686;0.920920804;0.781626498;3049.635613;0.456394321;0.432266632
35.87524633;158.9931927;0.864146839;0.994516696;3049.635613;0.456394321;0.432266632
35.29293517;115.0904123;0.772251794;0.942895353;3049.635613;0.456394321;0.432266632
32.32754472;126.6966523;0.934336879;0.818533551;3049.635613;0.456394321;0.432266632
30.94576554;145.4369442;0.984559989;0.970883107;3049.635613;0.456394321;0.432266632
30.1949714;166.9288279;0.897002478;0.847915462;3049.635613;0.456394321;0.432266632
23.95024318;413.9834541;0.915796395;0.35511145;3049.635613;0.456394321;0.432266632
21.85240314;401.6872005;0.927532151;0.365457861;2543.085682;0.47179785;0.35914745
28.97330335;175.284616;0.959703962;0.647012042;2543.085682;0.47179785;0.35914745
29.79755409;140.3449012;0.973656492;0.901904846;2543.085682;0.47179785;0.35914745
35.0283624;154.0277385;0.781432203;0.972244601;2543.085682;0.47179785;0.35914745
29.33480358;122.7972624;0.924133026;0.981486918;2543.085682;0.47179785;0.35914745
36.00024151;122.0890673;0.918983645;0.999999828;2543.085682;0.47179785;0.35914745
33.33074734;125.568306;0.913123127;0.928952115;2543.085682;0.47179785;0.35914745
32.68050505;125.0884981;0.900869639;0.798226247;2543.085682;0.47179785;0.35914745
32.7421082;118.5003389;0.965088015;0.930360465;2543.085682;0.47179785;0.35914745
19.3982982;354.969369;0.97888636;0.122213029;2543.085682;0.47179785;0.35914745
22.77170837;384.219035;0.920930043;0.22531819;3598.291476;0.430760827;0.393021696
31.75031834;175.5518574;0.928271155;0.746564175;3598.291476;0.430760827;0.393021696
35.1079931;157.3890116;0.901080713;0.678987481;3598.291476;0.430760827;0.393021696
32.85353901;122.3904516;0.961277423;0.839060793;3598.291476;0.430760827;0.393021696
28.66076174;118.4406154;0.972298082;0.824712629;3598.291476;0.430760827;0.393021696
39.76775687;166.0809091;0.68946585;0.993482364;3598.291476;0.430760827;0.393021696
28.66473814;118.1551084;0.955547385;0.675434213;3598.291476;0.430760827;0.393021696
31.33448669;170.6609201;0.901999425;0.684984377;3598.291476;0.430760827;0.393021696
29.7489769;144.8843431;0.940390578;0.80434943;3598.291476;0.430760827;0.393021696
22.57704178;453.2007238;0.873849358;0.316746463;3598.291476;0.430760827;0.393021696
22.95520643;355.0785555;0.943101769;0.212314727;3951.481105;0.453332718;0.453746789
29.87575636;145.242686;0.929375234;0.665684807;3951.481105;0.453332718;0.453746789
36.62249024;143.7458858;0.897123634;0.844294944;3951.481105;0.453332718;0.453746789
29.04312308;179.7599669;0.969472397;0.76467003;3951.481105;0.453332718;0.453746789
33.6680655;165.8403751;0.917272112;0.872640853;3951.481105;0.453332718;0.453746789
35.64893187;190.7087851;0.830628416;0.991696843;3951.481105;0.453332718;0.453746789
31.37282928;135.6610094;0.922343285;0.79862948;3951.481105;0.453332718;0.453746789
30.78099627;152.3874968;0.971003012;0.771026953;3951.481105;0.453332718;0.453746789
29.49040796;178.4933517;0.97303059;0.762377563;3951.481105;0.453332718;0.453746789
21.66003314;552.577829;0.902261834;0.263617124;3951.481105;0.453332718;0.453746789
25.96101219;244.9419258;0.913147934;0.407133044;3522.596583;0.484154222;0.441985798
27.82225493;247.0417271;0.949466091;0.504903665;3522.596583;0.484154222;0.441985798
37.01147476;153.1399103;0.836021778;0.996089492;3522.596583;0.484154222;0.441985798
36.32715093;122.472584;0.973011004;0.995527335;3522.596583;0.484154222;0.441985798
32.71268965;207.6733896;0.865176376;0.967771083;3522.596583;0.484154222;0.441985798
35.32419343;186.1130531;0.805842103;0.798570592;3522.596583;0.484154222;0.441985798
32.00196853;129.8016873;0.965418137;0.94807939;3522.596583;0.484154222;0.441985798
28.01862214;166.126883;0.9852824;0.718978046;3522.596583;0.484154222;0.441985798
32.14730119;145.2347373;0.925226184;0.712111534;3522.596583;0.484154222;0.441985798
23.78031131;431.4424284;0.966262839;0.373224214;3522.596583;0.484154222;0.441985798
21.73244574;360.0593681;0.888945121;0.274484552;1633.540499;0.456617596;0.376612655
36.43865438;104.5175433;0.867583688;0.973096838;1633.540499;0.456617596;0.376612655
38.01617244;114.1918027;0.907522522;0.929285619;1633.540499;0.456617596;0.376612655
29.94862449;86.16672746;0.95895946;0.749575752;1633.540499;0.456617596;0.376612655
38.78145234;101.4743535;0.84031519;0.95804842;1633.540499;0.456617596;0.376612655
31.64165837;109.1949491;0.928485985;0.856204427;1633.540499;0.456617596;0.376612655
35.69943842;70.22555754;0.924213296;0.948171966;1633.540499;0.456617596;0.376612655
26.08952841;158.4500412;0.951968961;0.536209818;1633.540499;0.456617596;0.376612655
36.47939428;98.42525744;0.850687656;0.86854292;1633.540499;0.456617596;0.376612655
22.60178516;292.3348631;0.966705266;0.225289092;1633.540499;0.456617596;0.376612655
25.53879742;162.1448097;0.90431738;0.382534488;1639.200492;0.488061284;0.435614766
28.9956761;176.7871253;0.973784212;0.642215879;1639.200492;0.488061284;0.435614766
25.886714;91.25978168;0.944189798;0.550665812;1639.200492;0.488061284;0.435614766
35.797818;106.1442026;0.941018629;0.964808072;1639.200492;0.488061284;0.435614766
33.57207703;103.5547957;0.8867202;0.888309863;1639.200492;0.488061284;0.435614766
34.71925831;113.601751;0.863250077;0.899919742;1639.200492;0.488061284;0.435614766
30.76050668;130.2446262;0.95012801;0.78547985;1639.200492;0.488061284;0.435614766
32.9688247;88.86542841;0.917688832;0.878707288;1639.200492;0.488061284;0.435614766
31.22864378;133.6846625;0.974309714;0.601300981;1639.200492;0.488061284;0.435614766
21.91167857;276.4901547;0.965028165;0.256952053;1639.200492;0.488061284;0.435614766
26.3719627;276.5715544;0.968278151;0.440724994;1780.054644;0.511937392;0.403088529
28.43222191;167.6999779;0.980558766;0.871209836;1780.054644;0.511937392;0.403088529
33.36873756;115.0880488;0.951154981;0.999763031;1780.054644;0.511937392;0.403088529
38.30969023;109.9777281;0.879388255;0.999102274;1780.054644;0.511937392;0.403088529
36.43504333;102.7015745;0.933426994;0.993334442;1780.054644;0.511937392;0.403088529
30.97025236;107.8024642;0.922127734;0.825755855;1780.054644;0.511937392;0.403088529
36.47267274;133.0972042;0.941203731;0.836251718;1780.054644;0.511937392;0.403088529
28.63886491;110.4085407;0.966263868;0.807150348;1780.054644;0.511937392;0.403088529
36.36586782;129.606147;0.894838525;0.857655268;1780.054644;0.511937392;0.403088529
23.48529085;274.3097126;0.967221429;0.314986713;1780.054644;0.511937392;0.403088529
31.19280893;197.378566;0.883468428;0.657621923;1790.685477;0.515003013;0.437637486
32.37812585;153.1116454;0.937997794;0.780146305;1790.685477;0.515003013;0.437637486
32.37542851;137.2212292;0.973805844;0.848572148;1790.685477;0.515003013;0.437637486
33.78580434;103.7847917;0.907053076;0.967400891;1790.685477;0.515003013;0.437637486
37.23943965;110.13558;0.813090933;0.921547315;1790.685477;0.515003013;0.437637486
34.81451484;120.9876972;0.930726953;0.899427723;1790.685477;0.515003013;0.437637486
38.33777616;134.3993694;0.804192593;0.939505199;1790.685477;0.515003013;0.437637486
34.21758719;130.3949977;0.858388352;0.789514966;1790.685477;0.515003013;0.437637486
31.28989128;206.8215282;0.935316923;0.483343679;1790.685477;0.515003013;0.437637486
27.81973185;204.9274621;0.948758713;0.364613092;1790.685477;0.515003013;0.437637486
20.47044337;441.0517594;0.909086617;0.326219361;2922.773295;0.465850173;0.374036014
29.99831291;179.7630039;0.941614722;0.703018534;2922.773295;0.465850173;0.374036014
33.57212501;128.6206277;0.923809572;0.867956827;2922.773295;0.465850173;0.374036014
34.58259074;133.2985437;0.893143244;0.907308672;2922.773295;0.465850173;0.374036014
32.30375803;129.761937;0.976348404;0.907224488;2922.773295;0.465850173;0.374036014
31.94613115;124.7934479;0.972138013;0.928821242;2922.773295;0.465850173;0.374036014
31.9696491;144.9865415;0.944499228;0.7872583;2922.773295;0.465850173;0.374036014
32.42946736;145.3187713;0.935896692;0.819839354;2922.773295;0.465850173;0.374036014
29.90986642;157.3429302;0.962589026;0.516626538;2922.773295;0.465850173;0.374036014
27.90656309;334.3127963;0.947482519;0.469259046;2922.773295;0.465850173;0.374036014
24.22126088;340.9155801;0.949417355;0.347551238;3176.991302;0.472030653;0.400899045
28.5902077;203.0540696;0.962495739;0.622360583;3176.991302;0.472030653;0.400899045
27.6704119;121.8016842;0.953809027;0.742073541;3176.991302;0.472030653;0.400899045
36.5868487;155.7289982;0.932068355;0.875607608;3176.991302;0.472030653;0.400899045
28.31191784;125.1274762;0.964347806;0.948807352;3176.991302;0.472030653;0.400899045
31.17255562;126.1905336;0.952439335;0.937613012;3176.991302;0.472030653;0.400899045
34.18341039;163.2498674;0.904886689;0.943677925;3176.991302;0.472030653;0.400899045
35.52547697;128.8593812;0.964415919;0.98809698;3176.991302;0.472030653;0.400899045
36.46192279;116.3208827;0.902452908;0.987752041;3176.991302;0.472030653;0.400899045
19.86482772;486.1863114;0.971862632;0.327934606;3176.991302;0.472030653;0.400899045
23.52532001;292.3516668;0.958551112;0.285621767;3431.876314;0.431720996;0.380640485
33.7213357;146.6436371;0.945790077;0.831039033;3431.876314;0.431720996;0.380640485
28.16744212;146.2528324;0.979879673;0.840871417;3431.876314;0.431720996;0.380640485
34.98647721;138.9111156;0.864333006;0.962767375;3431.876314;0.431720996;0.380640485
32.7834878;132.835593;0.908851851;0.947965343;3431.876314;0.431720996;0.380640485
36.36470973;134.9042072;0.897815503;0.966752669;3431.876314;0.431720996;0.380640485
33.95703701;140.8825563;0.916813448;0.91607718;3431.876314;0.431720996;0.380640485
38.55048915;143.3117571;0.847086949;0.994859805;3431.876314;0.431720996;0.380640485
26.37231811;188.5564491;0.960172147;0.538688474;3431.876314;0.431720996;0.380640485
21.79101916;593.0795909;0.941203323;0.300241053;3431.876314;0.431720996;0.380640485
24.6476333;311.1663796;0.928268024;0.30317639;3033.436426;0.503312103;0.459160595
33.60676289;116.6626077;0.845230032;0.995820655;3033.436426;0.503312103;0.459160595
33.28109928;184.4718048;0.877714738;0.894877958;3033.436426;0.503312103;0.459160595
33.97226158;133.1750695;0.892571364;0.736556899;3033.436426;0.503312103;0.459160595
30.71950465;142.1336805;0.908543973;0.929625344;3033.436426;0.503312103;0.459160595
34.17377126;165.725144;0.873258913;0.98882661;3033.436426;0.503312103;0.459160595
33.39161887;153.0042016;0.820042473;0.998795208;3033.436426;0.503312103;0.459160595
31.21299755;169.5504581;0.916605017;0.914275624;3033.436426;0.503312103;0.459160595
34.37456118;176.3980471;0.865343459;0.887406503;3033.436426;0.503312103;0.459160595
24.53528076;348.9826558;0.901825181;0.260237299;3033.436426;0.503312103;0.459160595
16.92677339;407.6388952;0.971221082;0.12216433;3566.342807;0.495572592;0.395009474
35.39927967;172.1810691;0.881773778;0.849450866;3566.342807;0.495572592;0.395009474
24.45850444;195.8018291;0.98736216;0.609384982;3566.342807;0.495572592;0.395009474
30.42557319;155.6661324;0.917914384;0.657200108;3566.342807;0.495572592;0.395009474
30.89032412;163.0896683;0.915606992;0.972116972;3566.342807;0.495572592;0.395009474
32.04529815;129.3298125;0.921618716;0.925998492;3566.342807;0.495572592;0.395009474
31.43576449;148.3016971;0.922348192;0.873202819;3566.342807;0.495572592;0.395009474
33.1190469;156.6257267;0.896189242;0.799789365;3566.342807;0.495572592;0.395009474
30.62448235;169.7588271;0.896182248;0.8753652;3566.342807;0.495572592;0.395009474
20.6953643;465.0482161;0.941447917;0.364054677;3566.342807;0.495572592;0.395009474
20.63199093;416.0742707;0.97196929;0.234749248;3621.197835;0.530672978;0.437466926
34.53684828;181.4173805;0.900956183;0.860408078;3621.197835;0.530672978;0.437466926
32.08911798;186.0971127;0.893409809;0.731639618;3621.197835;0.530672978;0.437466926
32.93551653;220.6877011;0.886049005;0.697005686;3621.197835;0.530672978;0.437466926
32.50686724;135.7043608;0.923637775;0.901722849;3621.197835;0.530672978;0.437466926
31.97543552;119.5255554;0.926338667;0.874046;3621.197835;0.530672978;0.437466926
28.56163479;136.4611156;0.963160063;0.658553042;3621.197835;0.530672978;0.437466926
32.67143399;163.4090953;0.948939925;0.983998787;3621.197835;0.530672978;0.437466926
34.94948505;192.6971341;0.90899605;0.978370861;3621.197835;0.530672978;0.437466926
21.68432455;312.868729;0.981304751;0.261265909;3621.197835;0.530672978;0.437466926
25.74711842;453.4973046;0.883239591;0.236152052;2055.842765;0.448246766;0.348995935
26.93395541;126.5442395;0.946218691;0.618242265;2055.842765;0.448246766;0.348995935
38.33112762;104.6749461;0.857782745;0.962427711;2055.842765;0.448246766;0.348995935
31.51938362;99.69117883;0.964582537;0.883886636;2055.842765;0.448246766;0.348995935
34.19540037;98.16192767;0.882906551;0.997533423;2055.842765;0.448246766;0.348995935
33.09017782;121.6479659;0.919731174;0.86567704;2055.842765;0.448246766;0.348995935
39.42826308;90.66158378;0.891754378;0.949678419;2055.842765;0.448246766;0.348995935
37.28925056;97.72296876;0.925292235;0.951764893;2055.842765;0.448246766;0.348995935
28.11148145;222.8418376;0.969274659;0.491411992;2055.842765;0.448246766;0.348995935
24.05180447;231.5846678;0.987168269;0.377861406;2055.842765;0.448246766;0.348995935
26.7820013;172.6774915;0.945285835;0.488091389;1751.935313;0.528663173;0.455414774
35.56709864;138.4358751;0.897270419;0.943570765;1751.935313;0.528663173;0.455414774
36.20352523;102.7097708;0.923141464;0.836352539;1751.935313;0.528663173;0.455414774
32.81500406;118.8668028;0.95087498;0.686794128;1751.935313;0.528663173;0.455414774
33.29998119;102.9248301;0.92577338;0.826119383;1751.935313;0.528663173;0.455414774
37.44350006;126.0357685;0.848300505;0.962311386;1751.935313;0.528663173;0.455414774
34.61591718;125.5365117;0.90959221;0.892067691;1751.935313;0.528663173;0.455414774
34.44912267;97.80910492;0.963810207;0.944800721;1751.935313;0.528663173;0.455414774
28.38380586;159.4645353;0.896878758;0.407144695;1751.935313;0.528663173;0.455414774
25.89711182;192.1963752;0.918535147;0.388535605;1751.935313;0.528663173;0.455414774
20.1902469;239.9518755;0.938920021;0.186420887;1948.859306;0.47767849;0.373416093
33.04344513;139.9056582;0.95375827;0.821225342;1948.859306;0.47767849;0.373416093
36.0972105;107.1021441;0.92376613;0.961727214;1948.859306;0.47767849;0.373416093
38.12593002;160.5335294;0.759751294;0.996673152;1948.859306;0.47767849;0.373416093
31.31580219;101.8753833;0.933243095;0.927008096;1948.859306;0.47767849;0.373416093
41.27532002;101.5748196;0.843226238;0.918280111;1948.859306;0.47767849;0.373416093
34.69202491;117.2233027;0.817390634;0.920451588;1948.859306;0.47767849;0.373416093
30.60338355;123.4014349;0.934706209;0.851311076;1948.859306;0.47767849;0.373416093
33.86377784;182.719459;0.903026593;0.877716488;1948.859306;0.47767849;0.373416093
19.95206205;430.3009761;0.953165745;0.118310977;1948.859306;0.47767849;0.373416093
23.43121099;405.4436966;0.969728673;0.351878074;2636.476354;0.472071899;0.382353366
34.55565148;128.5356692;0.883908133;0.913777015;2636.476354;0.472071899;0.382353366
33.49402506;106.7694802;0.927276119;0.908004038;2636.476354;0.472071899;0.382353366
32.69141437;113.7169216;0.943427145;0.932985589;2636.476354;0.472071899;0.382353366
29.77008544;132.1348398;0.919754344;0.672940269;2636.476354;0.472071899;0.382353366
31.53320452;117.5660903;0.938216281;0.850629733;2636.476354;0.472071899;0.382353366
37.53764453;121.6309588;0.896260345;0.920648173;2636.476354;0.472071899;0.382353366
30.19687443;162.2626039;0.915310543;0.672931852;2636.476354;0.472071899;0.382353366
30.88488377;111.8674778;0.930892135;0.929208348;2636.476354;0.472071899;0.382353366
23.44020732;296.3140806;0.941649605;0.411693213;2636.476354;0.472071899;0.382353366
23.46293815;275.0053699;0.93637224;0.340370783;3004.461268;0.461813797;0.408020178
26.80376678;168.4374187;0.937861451;0.533449369;3004.461268;0.461813797;0.408020178
29.63525478;144.2411045;0.860251768;0.926493168;3004.461268;0.461813797;0.408020178
35.35722986;125.9224033;0.85716958;0.914380768;3004.461268;0.461813797;0.408020178
30.98972736;115.8099801;0.906836015;0.836190449;3004.461268;0.461813797;0.408020178
36.03355167;100.0703433;0.921019037;0.935447804;3004.461268;0.461813797;0.408020178
33.73261765;137.4600948;0.86719958;0.885219054;3004.461268;0.461813797;0.408020178
30.78785459;129.5811659;0.914126101;0.703337369;3004.461268;0.461813797;0.408020178
29.09183194;156.852468;0.904704795;0.64737845;3004.461268;0.461813797;0.408020178
22.31783195;390.1966692;0.939131116;0.349052624;3004.461268;0.461813797;0.408020178
26.67673914;260.2305216;0.951729357;0.492823626;2538.94897;0.491212078;0.405985045
33.49468206;166.5739306;0.956108477;0.91018938;2538.94897;0.491212078;0.405985045
33.85640025;188.1370831;0.947151698;0.699280475;2538.94897;0.491212078;0.405985045
35.24051018;143.0425873;0.861829776;0.873637641;2538.94897;0.491212078;0.405985045
38.41190924;135.7374914;0.930187059;0.937448042;2538.94897;0.491212078;0.405985045
31.85422689;131.9674192;0.867032674;0.762838642;2538.94897;0.491212078;0.405985045
35.498098;104.5069115;0.955731484;0.999999671;2538.94897;0.491212078;0.405985045
30.02669635;145.0556216;0.912314055;0.918997429;2538.94897;0.491212078;0.405985045
28.56196968;146.3375363;0.976958542;0.786391874;2538.94897;0.491212078;0.405985045
24.95221127;278.122146;0.937864177;0.428468206;2538.94897;0.491212078;0.405985045
22.08616837;370.7135811;0.953912125;0.558506343;3402.442479;0.43271305;0.402224977
34.27978313;175.8579579;0.893965297;0.752257609;3402.442479;0.43271305;0.402224977
31.61829935;181.3996522;0.896500548;0.792143996;3402.442479;0.43271305;0.402224977
32.57437118;141.8738613;0.914774594;0.842601863;3402.442479;0.43271305;0.402224977
33.3827459;127.6917763;0.948431623;0.978824137;3402.442479;0.43271305;0.402224977
33.70727467;136.3957198;0.888770488;0.649023777;3402.442479;0.43271305;0.402224977
30.60807716;158.8844245;0.960190152;0.727078696;3402.442479;0.43271305;0.402224977
35.43045751;160.2671757;0.934759373;0.986585271;3402.442479;0.43271305;0.402224977
27.06687256;195.3186411;0.940976167;0.601174442;3402.442479;0.43271305;0.402224977
24.74744603;289.6169555;0.968256505;0.49616475;3402.442479;0.43271305;0.402224977
17.80135222;431.174811;0.984900759;0.278361357;4664.699904;0.444671243;0.390582628
33.13833007;158.155954;0.934081895;0.785198689;4664.699904;0.444671243;0.390582628
30.73968331;159.0403974;0.879483923;0.66649986;4664.699904;0.444671243;0.390582628
33.65475044;112.6364371;0.930175442;0.72474968;4664.699904;0.444671243;0.390582628
32.94963262;161.4775497;0.781298376;0.998968711;4664.699904;0.444671243;0.390582628
30.58534988;169.2538667;0.879739917;0.841947435;4664.699904;0.444671243;0.390582628
30.7748041;152.1584412;0.881648107;0.73664166;4664.699904;0.444671243;0.390582628
31.09699695;153.1396795;0.890953668;0.715320097;4664.699904;0.444671243;0.390582628
28.58077771;174.5915164;0.929898373;0.938770047;4664.699904;0.444671243;0.390582628
22.42270235;528.7605076;0.98269883;0.38962333;4664.699904;0.444671243;0.390582628
19.14266846;810.6539502;0.866143261;0.510742382;4581.262072;0.45655297;0.39208251
31.91842613;195.2391835;0.911813724;0.775078482;4581.262072;0.45655297;0.39208251
30.05247451;169.7558964;0.965682361;0.782127615;4581.262072;0.45655297;0.39208251
35.11813852;141.3597223;0.947391945;0.963115386;4581.262072;0.45655297;0.39208251
31.39148412;126.9866846;0.932529961;0.971826165;4581.262072;0.45655297;0.39208251
36.11748693;170.3843916;0.795105313;0.86979508;4581.262072;0.45655297;0.39208251
30.35553236;146.8986377;0.9129653;0.55268818;4581.262072;0.45655297;0.39208251
31.30382703;168.3821201;0.904596151;0.971055314;4581.262072;0.45655297;0.39208251
29.0602234;188.1123441;0.943468556;0.738312868;4581.262072;0.45655297;0.39208251
23.63903629;479.0513901;0.921293831;0.178454654;4581.262072;0.45655297;0.39208251
23.89589613;278.4125849;0.974257429;0.392695251;3316.745386;0.494316789;0.44060216
33.14303298;151.0492333;0.806545717;0.805479676;3316.745386;0.494316789;0.44060216
32.8770449;159.1545074;0.965685879;0.846296025;3316.745386;0.494316789;0.44060216
37.9013008;139.9842962;0.893741487;0.921644525;3316.745386;0.494316789;0.44060216
30.24816931;165.8967144;0.943845393;0.665185983;3316.745386;0.494316789;0.44060216
32.41496533;154.3354546;0.879081212;0.859914652;3316.745386;0.494316789;0.44060216
30.72411892;137.8186207;0.975931105;0.87346823;3316.745386;0.494316789;0.44060216
30.10680997;153.7639121;0.958876429;0.643836751;3316.745386;0.494316789;0.44060216
26.75242026;180.9959896;0.926355721;0.757017578;3316.745386;0.494316789;0.44060216
20.19065101;423.4640952;0.961983862;0.193173717;3316.745386;0.494316789;0.44060216
20.59872495;246.8141935;0.973491763;0.207516402;1761.453624;0.522980398;0.383306134
28.18617923;162.2060034;0.898772407;0.521317128;1761.453624;0.522980398;0.383306134
29.63727921;117.4143342;0.958123876;0.87198544;1761.453624;0.522980398;0.383306134
31.24634179;119.9753341;0.925257886;0.893258138;1761.453624;0.522980398;0.383306134
33.78162286;84.20674926;0.961233433;0.985309656;1761.453624;0.522980398;0.383306134
36.9637267;73.73546331;0.965332493;0.987669496;1761.453624;0.522980398;0.383306134
30.57180975;115.980074;0.937374413;0.890842678;1761.453624;0.522980398;0.383306134
31.59439132;120.076438;0.964952098;0.892083608;1761.453624;0.522980398;0.383306134
26.92962287;137.4186785;0.976997612;0.539046404;1761.453624;0.522980398;0.383306134
23.88838358;368.18953;0.959957523;0.345750721;1761.453624;0.522980398;0.383306134
23.79806274;364.7589097;0.944101682;0.373428046;2679.020809;0.451061044;0.361949397
30.16394767;152.8304278;0.886829479;0.491440541;2679.020809;0.451061044;0.361949397
34.55507197;98.97098369;0.922701982;0.971010883;2679.020809;0.451061044;0.361949397
29.88300932;155.9629858;0.920100643;0.681186791;2679.020809;0.451061044;0.361949397
30.29780272;115.0172086;0.925152899;0.69754232;2679.020809;0.451061044;0.361949397
36.7099296;114.7119981;0.883891278;0.952746363;2679.020809;0.451061044;0.361949397
35.1363075;85.58558225;0.969133192;0.982286812;2679.020809;0.451061044;0.361949397
34.7691345;139.3634639;0.96043999;0.821406114;2679.020809;0.451061044;0.361949397
31.03425757;101.9787792;0.91753032;0.80592224;2679.020809;0.451061044;0.361949397
21.0822492;563.1964131;0.765769019;0.348656939;2679.020809;0.451061044;0.361949397
20.25881275;459.0848538;0.722552309;0.290455099;3767.73331;0.38314137;0.364886116
29.65795532;182.7942108;0.96020725;0.613364377;3767.73331;0.38314137;0.364886116
29.99715519;121.360502;0.96864466;0.77776956;3767.73331;0.38314137;0.364886116
32.51268886;124.0531961;0.945015909;0.881993666;3767.73331;0.38314137;0.364886116
33.59405966;127.5979048;0.863720537;0.837501568;3767.73331;0.38314137;0.364886116
32.66053806;96.05952051;0.932508241;0.996460607;3767.73331;0.38314137;0.364886116
34.93529249;113.9859695;0.941634081;0.823821674;3767.73331;0.38314137;0.364886116
30.8534203;113.6550773;0.943678408;0.85132578;3767.73331;0.38314137;0.364886116
28.12905716;145.1511911;0.981035088;0.698142143;3767.73331;0.38314137;0.364886116
18.07957928;550.6647679;0.867915;0.458432301;3767.73331;0.38314137;0.364886116
25.26529048;219.7661838;0.943103969;0.326882422;1950.271738;0.528269964;0.422369548
26.90630537;164.9474281;0.960713468;0.582140015;1950.271738;0.528269964;0.422369548
38.0340095;132.5062665;0.860903166;0.983786345;1950.271738;0.528269964;0.422369548
31.49389905;135.2178363;0.895555712;0.849109952;1950.271738;0.528269964;0.422369548
34.83512172;83.77418211;0.963128501;0.994484995;1950.271738;0.528269964;0.422369548
30.17546213;130.2497588;0.944169819;0.739375169;1950.271738;0.528269964;0.422369548
32.32177862;117.4543116;0.889579174;0.995067108;1950.271738;0.528269964;0.422369548
31.91394527;112.9663103;0.927771287;0.955039524;1950.271738;0.528269964;0.422369548
28.85011519;221.337011;0.979346702;0.721218125;1950.271738;0.528269964;0.422369548
21.55793228;235.2007753;0.956999009;0.235543444;1950.271738;0.528269964;0.422369548
17.51033374;489.8112002;0.971538862;0.266138701;3356.249539;0.457353419;0.321808874
31.13260065;158.3860655;0.919151372;0.545746571;3356.249539;0.457353419;0.321808874
34.58096984;127.2083978;0.918093364;0.900295541;3356.249539;0.457353419;0.321808874
34.2420598;163.3547952;0.892373156;0.759961451;3356.249539;0.457353419;0.321808874
31.83313599;126.2774359;0.903879369;0.980682658;3356.249539;0.457353419;0.321808874
33.85679736;97.62361642;0.909248053;0.997431499;3356.249539;0.457353419;0.321808874
34.30924686;100.8792445;0.829391079;0.949261675;3356.249539;0.457353419;0.321808874
33.50387664;121.2676803;0.907192994;0.979137769;3356.249539;0.457353419;0.321808874
29.4070661;164.7843346;0.957372482;0.793963013;3356.249539;0.457353419;0.321808874
15.16516027;560.1972444;0.9805395;0.131322428;3356.249539;0.457353419;0.321808874
23.96148422;376.0310216;0.895658618;0.2892258;3099.822028;0.463607198;0.377021445
29.4316566;129.3533401;0.911527309;0.612692999;3099.822028;0.463607198;0.377021445
38.48471955;129.4914023;0.901753498;0.975459098;3099.822028;0.463607198;0.377021445
29.88647499;140.015868;0.962751675;0.946065711;3099.822028;0.463607198;0.377021445
35.1261704;134.1190883;0.967047272;0.920058971;3099.822028;0.463607198;0.377021445
31.83927383;128.0082555;0.938290496;0.898013972;3099.822028;0.463607198;0.377021445
36.05755843;120.9892886;0.912248039;0.865679979;3099.822028;0.463607198;0.377021445
33.98164369;149.7879875;0.810303529;0.826267495;3099.822028;0.463607198;0.377021445
26.78284696;225.588258;0.948809036;0.51290435;3099.822028;0.463607198;0.377021445
20.19829571;406.0809487;0.972451113;0.249143044;3099.822028;0.463607198;0.377021445
19.83880449;483.3461733;0.911961056;0.299160141;4557.510118;0.45243454;0.356372062
30.17698673;146.1728819;0.919780871;0.641548056;4557.510118;0.45243454;0.356372062
28.78949526;190.9859778;0.972078637;0.781186504;4557.510118;0.45243454;0.356372062
34.57532291;154.693553;0.879251035;0.881629737;4557.510118;0.45243454;0.356372062
31.74003251;161.4780275;0.903675258;0.983902448;4557.510118;0.45243454;0.356372062
35.23904857;128.1906112;0.812324869;0.759034603;4557.510118;0.45243454;0.356372062
32.9206231;135.5218922;0.957730406;0.786335362;4557.510118;0.45243454;0.356372062
28.4949746;173.6856752;0.959391788;0.648419609;4557.510118;0.45243454;0.356372062
30.57796215;218.5631547;0.910272083;0.785512697;4557.510118;0.45243454;0.356372062
18.50703996;498.1417653;0.941671655;0.353565655;4557.510118;0.45243454;0.356372062
24.67766902;350.7461889;0.780079006;0.303803563;3762.898507;0.476032934;0.398157867
24.99171828;224.3569664;0.957051985;0.516499098;3762.898507;0.476032934;0.398157867
32.35839303;155.8878646;0.844574215;0.962607815;3762.898507;0.476032934;0.398157867
29.92160756;172.2621735;0.911989915;0.721509147;3762.898507;0.476032934;0.398157867
34.73897866;170.1677425;0.884938073;0.948318236;3762.898507;0.476032934;0.398157867
29.69636104;150.1328955;0.938390069;0.821247864;3762.898507;0.476032934;0.398157867
35.06625138;127.4787607;0.896477604;0.987726851;3762.898507;0.476032934;0.398157867
31.11337128;170.4943933;0.943281876;0.620062356;3762.898507;0.476032934;0.398157867
31.41564854;183.9023431;0.945010432;0.927128988;3762.898507;0.476032934;0.398157867
22.9009062;554.174909;0.925828114;0.221540734;3762.898507;0.476032934;0.398157867
19.00413111;531.9684947;0.785563767;0.38042213;4268.344146;0.490989657;0.392669654
26.40188606;169.9588417;0.967408685;0.58575037;4268.344146;0.490989657;0.392669654
30.09417033;175.1780449;0.961642345;0.672119177;4268.344146;0.490989657;0.392669654
35.17571556;152.0641723;0.891145015;0.998366;4268.344146;0.490989657;0.392669654
38.05289472;174.9873816;0.875577638;0.95336366;4268.344146;0.490989657;0.392669654
27.05150719;154.2831365;0.948345551;0.424758897;4268.344146;0.490989657;0.392669654
30.04056373;165.4129361;0.940366713;0.964914858;4268.344146;0.490989657;0.392669654
31.6715159;145.4219429;0.911204782;0.675614169;4268.344146;0.490989657;0.392669654
32.35853582;172.4435192;0.920138151;0.742125543;4268.344146;0.490989657;0.392669654
21.29651581;369.9210651;0.973300243;0.173510782;4268.344146;0.490989657;0.392669654
25.43302686;307.9210851;0.918821247;0.329125497;4787.892454;0.477909747;0.383477327
27.13744621;158.083629;0.96005766;0.637719978;4787.892454;0.477909747;0.383477327
26.04344547;198.7378185;0.951951873;0.489687787;4787.892454;0.477909747;0.383477327
32.92004156;203.5514457;0.84615486;0.810153805;4787.892454;0.477909747;0.383477327
32.19108224;172.3691652;0.944020434;0.847385864;4787.892454;0.477909747;0.383477327
33.65949915;175.0475563;0.868355955;0.832291604;4787.892454;0.477909747;0.383477327
33.47920198;163.7177702;0.92562004;0.931705325;4787.892454;0.477909747;0.383477327
30.87173729;152.7037151;0.941865347;0.885729068;4787.892454;0.477909747;0.383477327
28.59802776;151.3390446;0.957481053;0.615467834;4787.892454;0.477909747;0.383477327
20.82840658;515.3357297;0.960148555;0.2106257;4787.892454;0.477909747;0.383477327
20.28009969;320.8211042;0.904534365;0.21984013;2410.43583;0.427411575;0.376913244
30.39543893;122.1984673;0.96640967;0.708101032;2410.43583;0.427411575;0.376913244
32.07766542;122.9862879;0.97897405;0.959252978;2410.43583;0.427411575;0.376913244
33.4137668;134.5296192;0.872602153;0.99601842;2410.43583;0.427411575;0.376913244
32.43055654;107.8865951;0.903017916;0.655260512;2410.43583;0.427411575;0.376913244
37.44163569;97.17505286;0.852474551;0.995852574;2410.43583;0.427411575;0.376913244
34.08944663;129.4569627;0.938318491;0.89270706;2410.43583;0.427411575;0.376913244
31.94239738;149.7959839;0.890142899;0.723203772;2410.43583;0.427411575;0.376913244
33.36463854;148.410571;0.840828839;0.724448884;2410.43583;0.427411575;0.376913244
20.29870862;482.0767297;0.9369661;0.177707996;2410.43583;0.427411575;0.376913244
20.64912702;343.3220199;0.973788409;0.318256225;2343.623913;0.461055885;0.354946011
25.32644952;152.9013876;0.97571588;0.553113921;2343.623913;0.461055885;0.354946011
34.57326768;111.3741639;0.902153366;0.892047743;2343.623913;0.461055885;0.354946011
33.30222831;108.1357325;0.897862198;0.894413842;2343.623913;0.461055885;0.354946011
33.61607047;108.9570807;0.943942211;0.944221653;2343.623913;0.461055885;0.354946011
29.22638562;148.5703913;0.942655202;0.782100602;2343.623913;0.461055885;0.354946011
32.16764167;133.5034252;0.903339132;0.808984738;2343.623913;0.461055885;0.354946011
31.1529187;122.4905788;0.841846602;0.801928397;2343.623913;0.461055885;0.354946011
31.00860421;142.5038458;0.912180248;0.662729447;2343.623913;0.461055885;0.354946011
21.59388566;303.8460142;0.896638744;0.20753249;2343.623913;0.461055885;0.354946011
21.09401819;386.5244725;0.806548356;0.245407429;2921.677127;0.413308513;0.348060998
29.49590847;170.0494191;0.929046357;0.667986174;2921.677127;0.413308513;0.348060998
35.85675862;89.07571464;0.954414536;0.995435089;2921.677127;0.413308513;0.348060998
34.9861227;131.3687479;0.867585038;0.889242997;2921.677127;0.413308513;0.348060998
34.34316144;92.83060489;0.872749177;0.998557266;2921.677127;0.413308513;0.348060998
31.9947185;140.535929;0.923594412;0.752013382;2921.677127;0.413308513;0.348060998
32.7678318;97.22373194;0.929778177;0.988736888;2921.677127;0.413308513;0.348060998
34.32900352;127.7123734;0.893160195;0.803326845;2921.677127;0.413308513;0.348060998
28.83445822;170.1420302;0.943542971;0.601682543;2921.677127;0.413308513;0.348060998
19.14500487;511.9216572;0.892146083;0.151996213;2921.677127;0.413308513;0.348060998
19.75297162;557.1433106;0.968580246;0.209598208;2926.310725;0.470189412;0.370373656
30.03045465;126.3274219;0.940646435;0.856968176;2926.310725;0.470189412;0.370373656
34.22798948;145.6703234;0.878766281;0.699538288;2926.310725;0.470189412;0.370373656
35.44262837;123.2964778;0.960330091;0.958736321;2926.310725;0.470189412;0.370373656
32.49554417;148.1962161;0.924450782;0.741521794;2926.310725;0.470189412;0.370373656
31.24112968;96.32160945;0.97780691;0.907405279;2926.310725;0.470189412;0.370373656
34.36633156;117.5114801;0.94233556;0.852117624;2926.310725;0.470189412;0.370373656
30.85479784;150.4074868;0.949671999;0.686829243;2926.310725;0.470189412;0.370373656
32.28559199;199.8258184;0.853477033;0.619006559;2926.310725;0.470189412;0.370373656
22.10741817;285.9966915;0.957785275;0.239774177;2926.310725;0.470189412;0.370373656
17.91879143;448.4803916;0.939782689;0.142461385;3351.609105;0.47450608;0.363562898
26.60544229;227.5959108;0.956729979;0.586840266;3351.609105;0.47450608;0.363562898
29.54770408;140.740242;0.948013229;0.726726146;3351.609105;0.47450608;0.363562898
33.56218147;147.881964;0.838134914;0.972735306;3351.609105;0.47450608;0.363562898
28.86248619;142.4081905;0.939961869;0.770930401;3351.609105;0.47450608;0.363562898
30.4455537;136.2194121;0.945680247;0.882900294;3351.609105;0.47450608;0.363562898
32.53785572;128.612081;0.955831211;0.744568015;3351.609105;0.47450608;0.363562898
33.59220944;175.4169393;0.945737289;0.85517907;3351.609105;0.47450608;0.363562898
31.82292433;164.7366377;0.914874191;0.880659798;3351.609105;0.47450608;0.363562898
27.70733042;259.3326043;0.939535355;0.61478672;3351.609105;0.47450608;0.363562898
15.54770564;451.3721599;0.942964827;0.106198302;3585.321026;0.506916703;0.390119813
31.65712223;177.602308;0.915200446;0.917359399;3585.321026;0.506916703;0.390119813
30.39118475;184.2036493;0.937339629;0.618023481;3585.321026;0.506916703;0.390119813
34.4119924;153.6782891;0.868962533;0.826854158;3585.321026;0.506916703;0.390119813
32.07936474;124.0751675;0.930793929;0.794820649;3585.321026;0.506916703;0.390119813
32.28074222;127.2802181;0.930574208;0.803540077;3585.321026;0.506916703;0.390119813
30.76094069;113.3944801;0.949798532;0.928263569;3585.321026;0.506916703;0.390119813
30.76199342;131.0983283;0.958328974;0.720990319;3585.321026;0.506916703;0.390119813
28.3324304;105.2178983;0.959300713;0.785227565;3585.321026;0.506916703;0.390119813
23.06817396;320.8499514;0.962354092;0.266291544;3585.321026;0.506916703;0.390119813
21.3646312;385.9310998;0.953478544;0.221078418;4033.090028;0.475829665;0.382676692
32.77098463;230.5701171;0.90500736;0.806311339;4033.090028;0.475829665;0.382676692
29.59301424;144.0543892;0.94739483;0.701117398;4033.090028;0.475829665;0.382676692
37.89490772;145.7077817;0.87110262;0.980649008;4033.090028;0.475829665;0.382676692
30.30135385;182.7680417;0.962567097;0.816462657;4033.090028;0.475829665;0.382676692
32.8523676;124.9376267;0.919461876;0.976405879;4033.090028;0.475829665;0.382676692
38.07404694;143.4726113;0.829742129;0.94997554;4033.090028;0.475829665;0.382676692
30.08556112;188.1526767;0.949327463;0.738843547;4033.090028;0.475829665;0.382676692
33.31891875;137.9030572;0.959930914;0.860594249;4033.090028;0.475829665;0.382676692
19.60408466;482.4471917;0.957721524;0.148859753;4033.090028;0.475829665;0.382676692
19.61858211;507.5461374;0.940804552;0.129519407;5807.489612;0.453239295;0.373882617
27.79011124;232.909356;0.909356525;0.751950081;5807.489612;0.453239295;0.373882617
37.22089314;154.9769913;0.948294187;0.991440067;5807.489612;0.453239295;0.373882617
35.67279889;135.4004651;0.886588382;0.974825801;5807.489612;0.453239295;0.373882617
35.08158073;199.6864031;0.847587958;0.779687945;5807.489612;0.453239295;0.373882617
34.37011871;145.7001552;0.880912237;0.975416324;5807.489612;0.453239295;0.373882617
30.28275779;192.6542426;0.891437701;0.680473425;5807.489612;0.453239295;0.373882617
33.27429028;198.8563819;0.881771878;0.717640425;5807.489612;0.453239295;0.373882617
25.27846204;256.760265;0.974548442;0.474470947;5807.489612;0.453239295;0.373882617
18.54311312;469.861151;0.984524952;0.166030727;5807.489612;0.453239295;0.373882617
24.02117586;391.8863879;0.963619266;0.329796804;4334.48054;0.473240217;0.436847377
31.08109708;157.4386253;0.953615432;0.736092393;4334.48054;0.473240217;0.436847377
35.43425505;191.2932371;0.901978375;0.836269661;4334.48054;0.473240217;0.436847377
32.32171154;144.8840505;0.903360715;0.933939189;4334.48054;0.473240217;0.436847377
37.62505857;138.6605781;0.921937875;0.948197521;4334.48054;0.473240217;0.436847377
30.93623373;140.8064918;0.908034103;0.672455087;4334.48054;0.473240217;0.436847377
36.63018659;158.2795034;0.791888542;0.77992124;4334.48054;0.473240217;0.436847377
28.71124641;171.6952763;0.979630524;0.677948062;4334.48054;0.473240217;0.436847377
29.50390831;327.6405449;0.900968844;0.761770768;4334.48054;0.473240217;0.436847377
20.39886372;482.8170338;0.953962534;0.463274551;4334.48054;0.473240217;0.436847377
20.13857728;559.1997863;0.928042318;0.215825842;6014.525061;0.498903912;0.378765918
29.72249053;299.7913807;0.93498785;0.594958455;6014.525061;0.498903912;0.378765918
32.63284957;182.9489221;0.87364378;0.593136936;6014.525061;0.498903912;0.378765918
32.60744307;219.6004837;0.850006074;0.638169803;6014.525061;0.498903912;0.378765918
31.63900633;160.2214888;0.962785891;0.911899539;6014.525061;0.498903912;0.378765918
31.26939852;175.6966756;0.878774539;0.978846647;6014.525061;0.498903912;0.378765918
31.15258551;121.6346343;0.947957788;0.962243223;6014.525061;0.498903912;0.378765918
30.89275377;238.9578179;0.925358668;0.805833501;6014.525061;0.498903912;0.378765918
22.46152122;232.5488911;0.975284956;0.296665452;6014.525061;0.498903912;0.378765918
19.49179486;537.5635105;0.966617502;0.266540301;6014.525061;0.498903912;0.378765918
22.53947242;255.1371962;0.919037389;0.212819298;2462.789298;0.46120143;0.364357182
31.37594304;139.1214039;0.861384395;0.846480538;2462.789298;0.46120143;0.364357182
33.00527719;113.809512;0.895324132;0.857304352;2462.789298;0.46120143;0.364357182
37.51149338;98.63943617;0.961444947;0.905335815;2462.789298;0.46120143;0.364357182
33.26264239;128.0136471;0.955055332;0.965707368;2462.789298;0.46120143;0.364357182
34.71748675;114.2314153;0.915639336;0.87786231;2462.789298;0.46120143;0.364357182
33.90114764;129.9959682;0.917901802;0.895280437;2462.789298;0.46120143;0.364357182
34.46006225;99.18639257;0.960997274;0.974600403;2462.789298;0.46120143;0.364357182
31.0984586;148.3715337;0.952089642;0.798993509;2462.789298;0.46120143;0.364357182
21.69962991;383.8616676;0.928062899;0.247186879;2462.789298;0.46120143;0.364357182
21.19007414;280.565153;0.889416215;0.220601315;2583.876399;0.518800485;0.411502258
28.81118098;153.9673547;0.982318184;0.528042752;2583.876399;0.518800485;0.411502258
29.45566061;138.1178523;0.942914879;0.66386781;2583.876399;0.518800485;0.411502258
31.73253039;101.1266149;0.961247087;0.712093709;2583.876399;0.518800485;0.411502258
29.83702853;149.2912384;0.940122339;0.902884184;2583.876399;0.518800485;0.411502258
27.90130392;111.6009927;0.962949266;0.863848294;2583.876399;0.518800485;0.411502258
29.6959799;162.8789376;0.872337017;0.835608202;2583.876399;0.518800485;0.411502258
36.04952104;109.6013861;0.841159292;0.906169426;2583.876399;0.518800485;0.411502258
31.59771813;158.7582544;0.952345104;0.685181252;2583.876399;0.518800485;0.411502258
19.11434308;286.9453622;0.983888855;0.230603689;2583.876399;0.518800485;0.411502258
16.16636615;539.8203074;0.911125248;0.068520203;2939.196285;0.481614273;0.360119972
29.83366501;143.7240194;0.934111773;0.663152655;2939.196285;0.481614273;0.360119972
31.9470046;113.9797256;0.947630824;0.827210841;2939.196285;0.481614273;0.360119972
34.13235907;121.5216358;0.884273005;0.930138644;2939.196285;0.481614273;0.360119972
30.03837149;121.5458049;0.95675057;0.737437043;2939.196285;0.481614273;0.360119972
35.80292788;133.7661042;0.873967611;0.993481942;2939.196285;0.481614273;0.360119972
31.11700613;115.4886363;0.819890269;0.695231186;2939.196285;0.481614273;0.360119972
34.85270754;148.0832749;0.825039769;0.678607297;2939.196285;0.481614273;0.360119972
28.16996438;156.2885701;0.957927752;0.590581958;2939.196285;0.481614273;0.360119972
22.40209869;349.4148204;0.947150254;0.3627491;2939.196285;0.481614273;0.360119972
17.80173205;457.3878686;0.915439775;0.131333803;3410.593197;0.482056923;0.334279075
30.29285901;167.706916;0.959037176;0.861090498;3410.593197;0.482056923;0.334279075
30.66616449;119.8557008;0.900037048;0.939092173;3410.593197;0.482056923;0.334279075
33.32386897;154.3738046;0.891987003;0.734145451;3410.593197;0.482056923;0.334279075
34.27277067;132.6329026;0.904465583;0.691462531;3410.593197;0.482056923;0.334279075
33.02121063;136.5701013;0.962232923;0.764937735;3410.593197;0.482056923;0.334279075
35.5568218;125.5580234;0.934223178;0.952175235;3410.593197;0.482056923;0.334279075
31.59383253;136.0172939;0.95218016;0.825150191;3410.593197;0.482056923;0.334279075
30.31197231;156.8269674;0.967346125;0.78436366;3410.593197;0.482056923;0.334279075
17.98960447;425.6774153;0.970728666;0.137425171;3410.593197;0.482056923;0.334279075
16.93848598;576.4996327;0.919970201;0.126964637;3668.457829;0.463406203;0.344436411
32.68357791;175.2089425;0.930067645;0.783969345;3668.457829;0.463406203;0.344436411
32.26663004;127.7647689;0.945822423;0.920909772;3668.457829;0.463406203;0.344436411
32.24933067;137.385143;0.917573912;0.971851241;3668.457829;0.463406203;0.344436411
33.70021126;119.4633364;0.899952728;0.770356057;3668.457829;0.463406203;0.344436411
36.02061789;149.2796224;0.916835821;0.869130978;3668.457829;0.463406203;0.344436411
31.38967768;170.3579786;0.930348556;0.784921649;3668.457829;0.463406203;0.344436411
31.84170754;139.410834;0.927721746;0.61288222;3668.457829;0.463406203;0.344436411
27.22916263;246.8675761;0.961315067;0.494440468;3668.457829;0.463406203;0.344436411
23.01388287;456.6733867;0.973826241;0.343349184;3668.457829;0.463406203;0.344436411
20.02291578;365.6434794;0.946878344;0.180748799;2848.916979;0.514472052;0.418687784
31.36396514;149.4768181;0.944411489;0.822155249;2848.916979;0.514472052;0.418687784
32.60924053;158.9408337;0.865442639;0.805136044;2848.916979;0.514472052;0.418687784
32.17321519;155.9327178;0.872579209;0.719645653;2848.916979;0.514472052;0.418687784
34.64576969;128.8298438;0.867932729;0.944645899;2848.916979;0.514472052;0.418687784
34.52703737;112.4933166;0.892560031;0.96680031;2848.916979;0.514472052;0.418687784
30.18232823;156.9955574;0.908803245;0.735049151;2848.916979;0.514472052;0.418687784
34.27627749;134.1048676;0.897857335;0.955097045;2848.916979;0.514472052;0.418687784
25.97403802;197.7942349;0.923052919;0.430213282;2848.916979;0.514472052;0.418687784
21.26932049;350.3878246;0.978965481;0.254623523;2848.916979;0.514472052;0.418687784
20.68804171;306.4536102;0.957142064;0.202062441;3311.137197;0.509980793;0.423209655
29.06443711;225.297778;0.891302972;0.521077086;3311.137197;0.509980793;0.423209655
33.02045042;136.2554468;0.914329296;0.918646116;3311.137197;0.509980793;0.423209655
34.33676043;176.8065329;0.876663091;0.836062004;3311.137197;0.509980793;0.423209655
35.20538812;106.2627799;0.86689603;0.985755336;3311.137197;0.509980793;0.423209655
28.69988334;166.3085446;0.94012523;0.632336356;3311.137197;0.509980793;0.423209655
28.90268595;132.1776512;0.965332522;0.867994948;3311.137197;0.509980793;0.423209655
33.10905896;171.7606149;0.881054169;0.844185994;3311.137197;0.509980793;0.423209655
30.48970141;180.3556053;0.918745948;0.719075682;3311.137197;0.509980793;0.423209655
25.8959381;324.3172553;0.936635007;0.351190838;3311.137197;0.509980793;0.423209655
22.37629394;442.4137908;0.962460223;0.22432016;4260.701826;0.481397574;0.369932993
31.42770036;155.601276;0.960188586;0.892382025;4260.701826;0.481397574;0.369932993
33.11150349;157.052126;0.845473953;0.899542687;4260.701826;0.481397574;0.369932993
30.40575702;160.209289;0.958671663;0.914534467;4260.701826;0.481397574;0.369932993
33.23931828;150.9086348;0.959828982;0.910846224;4260.701826;0.481397574;0.369932993
32.27965572;126.6327755;0.977885625;0.996402188;4260.701826;0.481397574;0.369932993
36.46962608;181.3100144;0.927747883;0.840747798;4260.701826;0.481397574;0.369932993
32.13129338;145.724278;0.915364592;0.941507878;4260.701826;0.481397574;0.369932993
27.59395526;201.7329146;0.953894038;0.719553549;4260.701826;0.481397574;0.369932993
18.97854217;346.6598115;0.930175769;0.235850449;4260.701826;0.481397574;0.369932993
21.84905531;422.4795435;0.931262236;0.18672553;4782.432206;0.48804698;0.385405361
33.36896117;208.8810028;0.911242542;0.815112747;4782.432206;0.48804698;0.385405361
32.96921317;213.2373016;0.873861198;0.82060134;4782.432206;0.48804698;0.385405361
33.53211144;118.3878078;0.944670867;0.966458892;4782.432206;0.48804698;0.385405361
34.72225987;198.0223518;0.837780521;0.98218984;4782.432206;0.48804698;0.385405361
29.50530261;189.5397455;0.924728489;0.643304499;4782.432206;0.48804698;0.385405361
33.84692363;149.0985971;0.871562437;0.978551288;4782.432206;0.48804698;0.385405361
27.96788627;207.3516718;0.939250855;0.748345657;4782.432206;0.48804698;0.385405361
32.86449324;226.7864674;0.881435743;0.807223087;4782.432206;0.48804698;0.385405361
20.33269528;412.0473955;0.900331395;0.229115382;4782.432206;0.48804698;0.385405361
19.7325925;664.3892388;0.985635508;0.50241332;5371.844474;0.459368285;0.339545559
28.75877468;158.8913161;0.856171938;0.775590858;5371.844474;0.459368285;0.339545559
28.62014886;198.1502633;0.97477273;0.681769032;5371.844474;0.459368285;0.339545559
32.25904779;147.502515;0.956633136;0.724869413;5371.844474;0.459368285;0.339545559
31.43190669;125.7506885;0.964297011;0.954504929;5371.844474;0.459368285;0.339545559
31.66821942;140.5766777;0.904157642;0.813462432;5371.844474;0.459368285;0.339545559
33.26476387;160.8742957;0.934853304;0.60386455;5371.844474;0.459368285;0.339545559
30.21568846;148.0819259;0.946893385;0.76466708;5371.844474;0.459368285;0.339545559
29.05483743;311.2444285;0.93439249;0.675730429;5371.844474;0.459368285;0.339545559
15.74326342;580.9614656;0.970977162;0.385926702;5371.844474;0.459368285;0.339545559
21.88660341;290.4806778;0.976173418;0.422878312;3200.085206;0.401099857;0.366051672
32.47670137;136.0950689;0.781271196;0.67313287;3200.085206;0.401099857;0.366051672
33.54617077;94.90890356;0.921699279;0.837244585;3200.085206;0.401099857;0.366051672
30.90923726;110.0408361;0.923776456;0.861738745;3200.085206;0.401099857;0.366051672
35.3134103;88.30917157;0.922381436;0.976999492;3200.085206;0.401099857;0.366051672
32.68114504;100.233288;0.90712917;0.880052897;3200.085206;0.401099857;0.366051672
32.65913604;116.3929755;0.959816377;0.982502381;3200.085206;0.401099857;0.366051672
35.1415299;106.4353108;0.900543146;0.957848449;3200.085206;0.401099857;0.366051672
28.53699363;134.2852338;0.906333662;0.760422305;3200.085206;0.401099857;0.366051672
18.16109088;508.7364565;0.902388831;0.273462649;3200.085206;0.401099857;0.366051672
18.11977765;484.9763139;0.956593737;0.200101928;3179.259011;0.43984849;0.361869445
29.27296949;171.7842535;0.862979349;0.454089394;3179.259011;0.43984849;0.361869445
32.51106926;133.2411365;0.900554335;0.734928064;3179.259011;0.43984849;0.361869445
29.91492949;112.1847218;0.978096664;0.731882731;3179.259011;0.43984849;0.361869445
36.22400537;125.1383979;0.802743103;0.950273784;3179.259011;0.43984849;0.361869445
31.6550934;138.4479229;0.771298134;0.880362392;3179.259011;0.43984849;0.361869445
35.67267769;119.2194402;0.841716153;0.997262176;3179.259011;0.43984849;0.361869445
32.40367208;121.5955965;0.965569048;0.949284169;3179.259011;0.43984849;0.361869445
24.7211572;244.324126;0.970889554;0.474383616;3179.259011;0.43984849;0.361869445
27.54574146;322.0675799;0.969613295;0.52341203;3179.259011;0.43984849;0.361869445
19.68727838;296.6819547;0.969104396;0.288065298;3321.96664;0.485142787;0.374990997
37.11431254;152.9846374;0.801415644;0.874839853;3321.96664;0.485142787;0.374990997
29.23207407;112.8077589;0.904711078;0.672519138;3321.96664;0.485142787;0.374990997
35.43149913;100.6903792;0.906444984;0.967910414;3321.96664;0.485142787;0.374990997
34.36029519;133.0128083;0.854792339;0.96572472;3321.96664;0.485142787;0.374990997
31.37271958;146.8702087;0.910147929;0.709072823;3321.96664;0.485142787;0.374990997
34.09884668;135.6809353;0.902443904;0.87981855;3321.96664;0.485142787;0.374990997
36.15305043;164.4051286;0.928262917;0.782705503;3321.96664;0.485142787;0.374990997
26.46293131;215.1167543;0.927584217;0.362912408;3321.96664;0.485142787;0.374990997
19.81424566;450.2804848;0.947132868;0.264439691;3321.96664;0.485142787;0.374990997
22.76981097;179.9666711;0.962726692;0.348961481;3029.415214;0.546300517;0.460813169
33.31165617;136.612539;0.903630742;0.787092976;3029.415214;0.546300517;0.460813169
32.59126714;162.7621829;0.966739699;0.688462327;3029.415214;0.546300517;0.460813169
33.20509505;152.4374362;0.944978168;0.659063928;3029.415214;0.546300517;0.460813169
29.19918527;103.782407;0.979246759;0.958424351;3029.415214;0.546300517;0.460813169
35.25421816;146.9570739;0.901374552;0.907009558;3029.415214;0.546300517;0.460813169
28.13828776;141.8244828;0.9249041;0.617921523;3029.415214;0.546300517;0.460813169
34.34783927;145.300368;0.958810176;0.841155786;3029.415214;0.546300517;0.460813169
28.45593131;175.7597423;0.957621847;0.602156865;3029.415214;0.546300517;0.460813169
19.32327367;464.4003036;0.945721065;0.128801921;3029.415214;0.546300517;0.460813169
18.60547027;428.7984094;0.870755591;0.450185275;4335.553748;0.422496434;0.34651917
21.73995058;195.7301535;0.980011253;0.307596465;4335.553748;0.422496434;0.34651917
28.28790956;184.5545608;0.934614783;0.657213096;4335.553748;0.422496434;0.34651917
33.19654889;122.3527863;0.920557614;0.920469093;4335.553748;0.422496434;0.34651917
32.54391182;98.21524517;0.954237591;0.910294268;4335.553748;0.422496434;0.34651917
27.42583108;104.7127781;0.90312109;0.887342972;4335.553748;0.422496434;0.34651917
29.30878612;124.103435;0.963588281;0.81954469;4335.553748;0.422496434;0.34651917
33.39063443;123.2632989;0.940059033;0.967341666;4335.553748;0.422496434;0.34651917
25.43370108;205.5982103;0.961035111;0.567119704;4335.553748;0.422496434;0.34651917
22.16803658;278.782034;0.964638539;0.366622383;4335.553748;0.422496434;0.34651917
18.89181823;441.4339514;0.956049243;0.214017154;4220.389638;0.435876632;0.417201097
27.93241027;157.2691258;0.974147592;0.622875289;4220.389638;0.435876632;0.417201097
27.97141206;140.1062438;0.93728267;0.619709558;4220.389638;0.435876632;0.417201097
28.07144957;111.7275062;0.900874264;0.585761272;4220.389638;0.435876632;0.417201097
33.17713722;98.35450645;0.91629039;0.992575732;4220.389638;0.435876632;0.417201097
33.29563607;130.5786892;0.894360292;0.850913366;4220.389638;0.435876632;0.417201097
32.17140056;145.8593738;0.909311281;0.95269997;4220.389638;0.435876632;0.417201097
27.65062741;148.7260083;0.934614664;0.829085885;4220.389638;0.435876632;0.417201097
31.57955144;206.2598891;0.913876297;0.705472831;4220.389638;0.435876632;0.417201097
20.94522694;493.7436707;0.912635825;0.420823279;4220.389638;0.435876632;0.417201097
20.14053849;439.4478647;0.9862459;0.275456827;5000.010894;0.447014265;0.399955426
35.53436812;159.2913219;0.862355372;0.999216413;5000.010894;0.447014265;0.399955426
33.70201216;149.8741576;0.982346307;0.889813737;5000.010894;0.447014265;0.399955426
33.17733648;164.9268426;0.927669596;0.813214812;5000.010894;0.447014265;0.399955426
29.15780498;117.2395721;0.968573382;0.935686323;5000.010894;0.447014265;0.399955426
31.83357819;132.1650695;0.940123281;0.914787296;5000.010894;0.447014265;0.399955426
29.27661733;177.8830064;0.927419149;0.713510171;5000.010894;0.447014265;0.399955426
30.67817393;125.1361979;0.867959503;0.948299163;5000.010894;0.447014265;0.399955426
34.27639067;154.8765822;0.92353095;0.884563789;5000.010894;0.447014265;0.399955426
20.86237838;399.7254436;0.943420372;0.139580917;5000.010894;0.447014265;0.399955426
20.58119729;414.1443787;0.957624224;0.160730351;5308.252096;0.440413493;0.410757514
30.04651263;175.8508897;0.954773375;0.610198052;5308.252096;0.440413493;0.410757514
30.99186465;163.3154484;0.909846101;0.662574286;5308.252096;0.440413493;0.410757514
28.54950851;153.0483851;0.89057287;0.53895247;5308.252096;0.440413493;0.410757514
31.55614285;161.0451694;0.840394915;0.871190368;5308.252096;0.440413493;0.410757514
34.86261953;146.7359244;0.89399578;0.99860699;5308.252096;0.440413493;0.410757514
30.22602533;160.7498993;0.946000144;0.85705361;5308.252096;0.440413493;0.410757514
33.22452855;122.9020418;0.928570646;0.921740417;5308.252096;0.440413493;0.410757514
33.62136584;160.6749911;0.958500974;0.933618469;5308.252096;0.440413493;0.410757514
18.73634229;524.0589873;0.800462811;0.340540146;5308.252096;0.440413493;0.410757514
18.22460464;462.5194694;0.855538584;0.556116375;5932.931203;0.505850759;0.408956711
25.76244326;201.6928268;0.964817295;0.610261023;5932.931203;0.505850759;0.408956711
29.55839472;213.0105022;0.859831241;0.816304842;5932.931203;0.505850759;0.408956711
28.26570293;164.1080145;0.97727775;0.758481998;5932.931203;0.505850759;0.408956711
26.41983956;234.9301426;0.939772949;0.608876977;5932.931203;0.505850759;0.408956711
27.94438112;174.5279544;0.937775804;0.852912083;5932.931203;0.505850759;0.408956711
35.97894147;166.2583484;0.923471951;0.955440434;5932.931203;0.505850759;0.408956711
32.95551602;152.4006198;0.875050022;0.999849257;5932.931203;0.505850759;0.408956711
32.74618975;187.022682;0.930689417;0.840256227;5932.931203;0.505850759;0.408956711
17.57513164;652.1819698;0.981157259;0.124891644;5932.931203;0.505850759;0.408956711
18.28994077;418.3337987;0.970393487;0.273624354;6104.852577;0.479027248;0.410593154
29.39642978;323.9027896;0.95158155;0.753875295;6104.852577;0.479027248;0.410593154
30.48916649;130.6711479;0.853077448;0.943710641;6104.852577;0.479027248;0.410593154
32.24063876;189.5328084;0.939611146;0.871597714;6104.852577;0.479027248;0.410593154
29.01246744;152.9147882;0.963045751;0.888081485;6104.852577;0.479027248;0.410593154
30.85653318;207.2682625;0.861462962;0.917458611;6104.852577;0.479027248;0.410593154
26.41076869;180.5226652;0.949850352;0.664790364;6104.852577;0.479027248;0.410593154
30.62168199;194.7565309;0.9260606;0.654875626;6104.852577;0.479027248;0.410593154
26.35944904;216.6838693;0.950852875;0.49042243;6104.852577;0.479027248;0.410593154
17.31653533;835.4492445;0.830549386;0.215589862;6104.852577;0.479027248;0.410593154
